<?xml version="1.0"?>

<!DOCTYPE faces-config PUBLIC
  "-//Sun Microsystems, Inc.//DTD JavaServer Faces Config 1.0//EN"
  "http://java.sun.com/dtd/web-facesconfig_1_0.dtd">

<!-- =========== FULL CONFIGURATION FILE ================================== -->

<faces-config>

	<application>
		<action-listener>
			org.seasar.jsf.application.ActionListenerImpl
		</action-listener>
		<view-handler>
			org.seasar.jsf.application.S2ViewHandler
		</view-handler>
		<state-manager>
			org.seasar.jsf.application.S2StateManager
		</state-manager>
		<variable-resolver>
			org.seasar.jsf.el.S2VariableResolver
		</variable-resolver>
		<property-resolver>
			org.seasar.jsf.el.S2PropertyResolver
		</property-resolver>
	</application>

	<factory>
		<lifecycle-factory>
			org.seasar.jsf.lifecycle.LifecycleFactoryImpl
		</lifecycle-factory>
	</factory>

	<render-kit>
		<renderer>
			<component-family>javax.faces.Input</component-family>
			<renderer-type>javax.faces.Textarea</renderer-type>
			<renderer-class>
				org.seasar.jsf.render.html.HtmlInputTextareaRenderer
			</renderer-class>
		</renderer>
		<renderer>
			<component-family>javax.faces.Input</component-family>
			<renderer-type>javax.faces.Secret</renderer-type>
			<renderer-class>
				org.seasar.jsf.render.html.HtmlInputSecretRenderer
			</renderer-class>
		</renderer>
		<renderer>
			<component-family>javax.faces.Input</component-family>
			<renderer-type>javax.faces.Text</renderer-type>
			<renderer-class>
				org.seasar.jsf.render.html.HtmlInputTextRenderer
			</renderer-class>
		</renderer>
		<renderer>
			<component-family>javax.faces.Output</component-family>
			<renderer-type>org.seasar.jsf.Element</renderer-type>
			<renderer-class>
				org.seasar.jsf.render.html.HtmlElementRenderer
			</renderer-class>
		</renderer>
		<renderer>
			<component-family>javax.faces.Output</component-family>
			<renderer-type>org.seasar.jsf.Text</renderer-type>
			<renderer-class>
				org.seasar.jsf.render.html.HtmlTextRenderer
			</renderer-class>
		</renderer>
		<renderer>
			<component-family>javax.faces.Output</component-family>
			<renderer-type>org.seasar.jsf.Base</renderer-type>
			<renderer-class>
				org.seasar.jsf.render.html.HtmlBaseRenderer
			</renderer-class>
		</renderer>
		<renderer>
			<component-family>javax.faces.Output</component-family>
			<renderer-type>org.seasar.jsf.Title</renderer-type>
			<renderer-class>
				org.seasar.jsf.render.html.HtmlTitleRenderer
			</renderer-class>
		</renderer>
		<renderer>
			<component-family>javax.faces.Output</component-family>
			<renderer-type>org.seasar.jsf.Link</renderer-type>
			<renderer-class>
				org.seasar.jsf.render.html.HtmlLinkRenderer
			</renderer-class>
		</renderer>
		<renderer>
			<component-family>javax.faces.SelectOne</component-family>
			<renderer-type>javax.faces.Menu</renderer-type>
			<renderer-class>
				org.seasar.jsf.render.html.HtmlSelectOneMenuRenderer
			</renderer-class>
		</renderer>
		<renderer>
			<component-family>javax.faces.SelectOne</component-family>
			<renderer-type>org.seasar.jsf.SelectOneRadio</renderer-type>
			<renderer-class>
				org.seasar.jsf.render.html.HtmlSelectOneRadioRenderer
			</renderer-class>
		</renderer>
		<renderer>
			<component-family>javax.faces.SelectItem</component-family>
			<renderer-type>org.seasar.jsf.Radio</renderer-type>
			<renderer-class>
				org.seasar.jsf.render.html.HtmlInputRadioRenderer
			</renderer-class>
		</renderer>
		<renderer>
			<component-family>javax.faces.SelectMany</component-family>
			<renderer-type>javax.faces.Checkbox</renderer-type>
			<renderer-class>
				org.seasar.jsf.render.html.HtmlSelectManyCheckboxRenderer
			</renderer-class>
		</renderer>
		<renderer>
			<component-family>javax.faces.Command</component-family>
			<renderer-type>javax.faces.Link</renderer-type>
			<renderer-class>
				org.seasar.jsf.render.html.HtmlCommandLinkRenderer
			</renderer-class>
		</renderer>
		<renderer>
			<component-family>javax.faces.Form</component-family>
			<renderer-type>javax.faces.Form</renderer-type>
			<renderer-class>org.seasar.jsf.render.html.HtmlFormRenderer</renderer-class>
		</renderer>
		<renderer>
			<component-family>javax.faces.Message</component-family>
			<renderer-type>javax.faces.Message</renderer-type>
			<renderer-class>org.seasar.jsf.render.html.HtmlMessageRenderer</renderer-class>
		</renderer>
		<renderer>
			<component-family>javax.faces.Messages</component-family>
			<renderer-type>javax.faces.Messages</renderer-type>
			<renderer-class>org.seasar.jsf.render.html.HtmlMessagesRenderer</renderer-class>
		</renderer>
	</render-kit>

	<component>
		<component-type>
			org.seasar.jsf.Element
		</component-type>
		<component-class>
			org.seasar.jsf.component.UIElement
		</component-class>
	</component>

	<component>
		<component-type>
			org.seasar.jsf.Text
		</component-type>
		<component-class>
			org.seasar.jsf.component.UIText
		</component-class>
	</component>

	<component>
		<component-type>
			javax.faces.HtmlInputText
		</component-type>
		<component-class>
			org.seasar.jsf.component.html.S2HtmlInputText
		</component-class>
	</component>

	<component>
		<component-type>
			javax.faces.HtmlInputSecret
		</component-type>
		<component-class>
			org.seasar.jsf.component.html.S2HtmlInputSecret
		</component-class>
	</component>

	<component>
		<component-type>
			javax.faces.HtmlInputTextarea
		</component-type>
		<component-class>
			org.seasar.jsf.component.html.S2HtmlInputTextarea
		</component-class>
	</component>

	<component>
		<component-type>
			javax.faces.HtmlSelectBooleanCheckbox
		</component-type>
		<component-class>
			org.seasar.jsf.component.html.S2HtmlSelectBooleanCheckbox
		</component-class>
	</component>

	<component>
		<component-type>
			javax.faces.HtmlSelectOneRadio
		</component-type>
		<component-class>
			org.seasar.jsf.component.html.S2HtmlSelectOneRadio
		</component-class>
	</component>

	<component>
		<component-type>
			javax.faces.HtmlSelectOneMenu
		</component-type>
		<component-class>
			org.seasar.jsf.component.html.S2HtmlSelectOneMenu
		</component-class>
	</component>

	<component>
		<component-type>
			javax.faces.HtmlSelectManyListbox
		</component-type>
		<component-class>
			org.seasar.jsf.component.html.S2HtmlSelectManyListbox
		</component-class>
	</component>

	<component>
		<component-type>
			javax.faces.HtmlSelectManyCheckbox
		</component-type>
		<component-class>
			org.seasar.jsf.component.html.S2HtmlSelectManyCheckbox
		</component-class>
	</component>

	<component>
		<component-type>
			javax.faces.ViewRoot
		</component-type>
		<component-class>
			org.seasar.jsf.component.S2UIViewRoot
		</component-class>
	</component>

	<component>
		<component-type>
			javax.faces.SelectItem
		</component-type>
		<component-class>
			org.seasar.jsf.component.S2UISelectItem
		</component-class>
	</component>

	<component>
		<component-type>
			org.seasar.jsf.ForEach
		</component-type>
		<component-class>
			org.seasar.jsf.component.ForEach
		</component-class>
	</component>

	<component>
		<component-type>
			org.seasar.jsf.Insert
		</component-type>
		<component-class>
			org.seasar.jsf.component.UIInsert
		</component-class>
	</component>

	<component>
		<component-type>
			org.seasar.jsf.Base
		</component-type>
		<component-class>
			org.seasar.jsf.component.html.HtmlBase
		</component-class>
	</component>

	<component>
		<component-type>
			org.seasar.jsf.Title
		</component-type>
		<component-class>
			org.seasar.jsf.component.html.HtmlTitle
		</component-class>
	</component>

	<component>
		<component-type>
			org.seasar.jsf.Link
		</component-type>
		<component-class>
			org.seasar.jsf.component.html.HtmlLink
		</component-class>
	</component>

    <converter>
        <converter-id>javax.faces.BigDecimal</converter-id>
        <converter-class>org.seasar.jsf.convert.S2BigDecimalConverter</converter-class>
    </converter>

    <converter>
        <converter-id>javax.faces.BigInteger</converter-id>
        <converter-class>org.seasar.jsf.convert.S2BigIntegerConverter</converter-class>
    </converter>

    <converter>
        <converter-id>javax.faces.Boolean</converter-id>
        <converter-class>org.seasar.jsf.convert.S2BooleanConverter</converter-class>
    </converter>

    <converter>
        <converter-id>javax.faces.Byte</converter-id>
        <converter-class>org.seasar.jsf.convert.S2ByteConverter</converter-class>
    </converter>

	<!--
    <converter>
        <converter-id>javax.faces.Character</converter-id>
        <converter-class>javax.faces.convert.CharacterConverter</converter-class>
    </converter>
	-->

    <converter>
        <converter-id>javax.faces.DateTime</converter-id>
        <converter-class>org.seasar.jsf.convert.S2DateTimeConverter</converter-class>
    </converter>
    <!--
    <converter>
        <converter-id>javax.faces.DateTime</converter-id>
        <converter-class>javax.faces.convert.DateTimeConverter</converter-class>
    </converter>
    -->

    <converter>
        <converter-id>javax.faces.Double</converter-id>
        <converter-class>org.seasar.jsf.convert.S2DoubleConverter</converter-class>
    </converter>

    <converter>
        <converter-id>javax.faces.Float</converter-id>
        <converter-class>org.seasar.jsf.convert.S2FloatConverter</converter-class>
    </converter>

    <converter>
        <converter-id>javax.faces.Integer</converter-id>
        <converter-class>org.seasar.jsf.convert.S2IntegerConverter</converter-class>
    </converter>

    <converter>
        <converter-id>javax.faces.Long</converter-id>
        <converter-class>org.seasar.jsf.convert.S2LongConverter</converter-class>
    </converter>

    <converter>
        <converter-id>javax.faces.Number</converter-id>
        <converter-class>org.seasar.jsf.convert.S2NumberConverter</converter-class>
    </converter>

    <converter>
        <converter-id>javax.faces.Short</converter-id>
        <converter-class>org.seasar.jsf.convert.S2ShortConverter</converter-class>
    </converter>

	<converter>
		<converter-for-class>java.math.BigInteger</converter-for-class>
		<converter-class>org.seasar.jsf.convert.S2BigIntegerConverter</converter-class>
	</converter>

	<converter>
		<converter-for-class>java.math.BigDecimal</converter-for-class>
		<converter-class>org.seasar.jsf.convert.S2BigDecimalConverter</converter-class>
	</converter>

    <converter>
        <converter-for-class>java.lang.Byte</converter-for-class>
        <converter-class>org.seasar.jsf.convert.S2ByteConverter</converter-class>
    </converter>

    <converter>
        <converter-for-class>java.lang.Boolean</converter-for-class>
        <converter-class>org.seasar.jsf.convert.S2BooleanConverter</converter-class>
    </converter>

    <converter>
        <converter-for-class>java.lang.Character</converter-for-class>
        <converter-class>org.seasar.jsf.convert.S2CharacterConverter</converter-class>
    </converter>

	<converter>
		<converter-for-class>java.util.Date</converter-for-class>
		<converter-class>org.seasar.jsf.convert.S2DateTimeConverter</converter-class>
	</converter>
	<!--
    <converter>
        <converter-for-class>java.util.Date</converter-for-class>
        <converter-class>javax.faces.convert.DateTimeConverter</converter-class>
    </converter>
    -->

	<converter>
		<converter-for-class>java.lang.Double</converter-for-class>
		<converter-class>org.seasar.jsf.convert.S2DoubleConverter</converter-class>
	</converter>

	<converter>
		<converter-for-class>java.lang.Float</converter-for-class>
		<converter-class>org.seasar.jsf.convert.S2FloatConverter</converter-class>
	</converter>

	<converter>
		<converter-for-class>java.lang.Integer</converter-for-class>
		<converter-class>org.seasar.jsf.convert.S2IntegerConverter</converter-class>
	</converter>

	<converter>
		<converter-for-class>java.lang.Long</converter-for-class>
		<converter-class>org.seasar.jsf.convert.S2LongConverter</converter-class>
	</converter>

	<converter>
		<converter-for-class>java.lang.Short</converter-for-class>
		<converter-class>org.seasar.jsf.convert.S2ShortConverter</converter-class>
	</converter>

	<converter>
		<converter-for-class>java.sql.Timestamp</converter-for-class>
		<converter-class>org.seasar.jsf.convert.S2DateTimeConverter</converter-class>
	</converter>

</faces-config>
